RTS,TK,rep,Lat,Long,age,ageCat,soil,Pcover,depth11,pH11sum,BD11sum,kgm2Water11sum,EOC11sum,ETN11sum,EON11sum,NH411sum,NO311sum,PO411sum,MBC11sum,MBN11sum,MBP11sum,P11,N11,C11,Nodules11sum,LegumeCover11sum,TN resin fall10,TNresin11,GrossMin11sum,GrossCons11,NetNH4minSum11,NetPminSum11
NE14,TK1,R2,68.67878,149.62306,5,Arecent,Organic,0.43,10,5.13,0.24,6.53,8034.71,690.98,599.66,92.94,0,190.54,12058.5,1239.17,63.07,,60.12,1001.6,0.01,1,118.1251899,0,1392.69,303.35,6.112,-5.547316335
NE14,TK1,R3,68.67873,149.62302,5,Arecent,Organic,0.43,9.5,7.66,0.22,6.53,4987.1,341.92,281.43,59.64,0.84,111.39,8056.3,824.15,295.64,,23.15,702.7,0.21,0,0,0,556.63,211.87,7.955,-2.747272263
NE14,TK1,R4,68.67872,149.6227,5,Arecent,Organic,0.43,10,7.5,0.35,11.2,10565.64,767.08,693.8,66.62,6.67,67.88,4348.34,420.48,138.26,4.83,77.39,1154.09,0,0,33.99118583,4.773,0,0,4.082,1.146851492
NE14,TK1,R5,68.67868,149.62248,5,Arecent,Organic,0.43,7.5,6.58,0.23,4.81,4409.13,304.29,228.51,76.4,0,67.12,3229.48,382.31,43.81,3.07,30.16,473.79,0.23,0,194.1958724,0,451.86,744.5,11.559,3.419957203
NE14,TK1,R6,68.6786,149.62228,5,Arecent,Organic,0.43,9.5,7.34,0.22,6.31,3484.97,288.36,170.79,104.98,12.59,74.57,3745.39,457.3,216.28,2.21,29.83,507.92,0,0,60.9160524,46.428,43.08,56.38,3.166,2.62567667
Itkillik,TK2,R2,68.66683,149.81808,8,Arecent,Organic,0.67,10,6.9,0.1,19.85,10552.69,1072.27,743.44,321.16,7.67,212.58,19859.02,979.1,429.5,,37.17,617.05,0.59,0,42.86678365,0,1295.05,1091.43,5.82,0.529994964
Itkillik,TK2,R3,68.66693,149.81816,8,Arecent,Organic,0.67,7.5,7.37,0.23,15.14,11066.4,1041.85,756.48,272.36,13.01,288.2,13730.33,686.48,190.98,,40.4,828.05,0.19,2,0,0,252.91,421.58,1.89,-3.886209413
Itkillik,TK2,R4,68.667,149.81825,8,Arecent,Organic,0.67,10,7.35,0.21,27.53,15234.67,1190.96,917.78,254.86,18.32,280.87,14259.02,206.65,395.85,2.93,63.36,1039.13,1.01,3,0,0,877.04,544.58,13.758,1.468630153
Itkillik,TK2,R5,68.6671,149.81829,8,Arecent,Organic,0.67,10,7.69,0.22,50.75,11565.31,1267.57,953.78,258,55.79,331.72,34727.64,907.11,469.46,3.5,69.9,1241.86,2.15,6,0,0,423.12,281.02,-2.316,-1.6213429
Itkillik,TK2,R6,68.66717,149.81834,8,Arecent,Organic,0.67,11,7.33,0.17,35.86,22475.18,1735.58,1235.31,494.76,5.51,584.63,76645.71,1368.62,1213.9,2.78,55.35,1074.16,0.11,7,0,0,1184.47,839.88,2.27,-3.888541884
Iminus,TK1,R1,68.55333,149.57365,8,Arecent,Organic,0.17,5.5,6.46,0.15,1.37,800.11,91.5,58.5,32.34,0.66,14.06,1232.6,194.28,18.47,,6.88,123.95,,0,,0,1394.18,1353.52,6.99,0.596194769
Iminus,TK1,R2,68.55341,149.57391,8,Arecent,Organic,0.17,10,4.65,0.28,7.25,3605.63,411.96,342.5,39.91,29.55,90.6,2831.87,309.62,13.92,,25.07,395.58,,0,105.4829211,52.92,1231.35,562.55,17.53,
Iminus,TK1,R3,68.5535,149.57407,8,Arecent,Organic,0.17,10,4.55,0.3,9.17,6857.58,683.95,615.19,32.96,35.81,135.25,2428.39,283.22,0,1.09,29.6,410.28,,0,0,117.87,0,500.36,22.25,-7.1340994
Iminus,TK1,R4,68.55358,149.57422,8,Arecent,Organic,0.17,7.5,4.65,0.22,6,2307.83,270.83,223.59,44.55,2.68,61.87,1663.84,233.97,0.16,0.94,18.99,339.25,,0,34.08422145,165.6,0,50.09,23.63,-2.633607739
Iminus,TK1,R6,68.55358,149.57446,8,Arecent,Organic,0.17,10,5.64,0.28,13.57,2353.1,263.72,239.59,19.01,5.12,82.91,765.75,137.03,0,0.72,28.47,435.64,,0,13.1576369,21.66,0,0,5.18,-3.087376522
Iminus,TK2,R2,68.55373,149.57495,16,Bshrub,Organic,0.17,10,5.39,0.29,7.85,3461.73,359.67,352.45,5.17,2.05,105.29,2526.35,357.08,0,,33.97,515.81,,0,4.935205149,0,0,25.95,4.228,-5.770917781
Iminus,TK2,R3,68.55382,149.57504,16,Bshrub,Organic,0.17,9,4.57,0.16,3.64,1390.63,136.89,130.21,6.55,0.14,25.06,1687.26,240.39,36.31,0.56,9.33,179.35,,0,35.39200548,,0,0,31.364,
Iminus,TK2,R4,68.55383,149.57526,16,Bshrub,Organic,0.17,10,7.38,0.14,4.33,1329.29,265.25,115.55,152.54,0,48.67,4460.94,795.43,23.27,0.48,7.46,168.46,,0,,0.89,4244.77,1593.79,-4.47,-0.474711773
Iminus,TK2,R5,68.55393,149.57536,16,Bshrub,Organic,0.17,8.5,5.67,0.24,2.3,1033.69,109.92,103.39,6.03,0.5,58.32,2077.65,204.41,0,0.84,9.16,158.12,,0,8.436300277,0,0,1516.59,22.266,0.523687383
Iminus,TK2,R6,68.554,149.57555,16,Bshrub,Organic,0.17,2.5,6.44,0.18,0.78,304.61,50.59,23.33,27.18,0.08,11.77,1517.33,224.97,28.1,,4.22,91.31,,0,0.766797833,,1870.14,614.81,6.934,0.460045416
Iminus,TK3,R2,68.55452,149.57574,25,Bshrub,Organic,0.33,8,5.92,0.22,7.03,3243.7,504.36,263.39,239.76,1.2,112.02,14056.05,1602.96,36.57,1.51,21.25,399.08,,0,0,7.13,961.86,776.11,5.067,-2.019447462
Iminus,TK3,R3,68.55458,149.57576,25,Bshrub,Organic,0.33,9.5,6.29,0.43,12.1,3182.46,486.19,266.53,191.04,28.63,198.56,3323.95,535.01,0,2.18,36.16,559.09,,0,18.8716098,,7837.31,4408.55,10.438,
Iminus,TK3,R4,68.5546,149.57588,25,Bshrub,Organic,0.33,8.25,5.5,0.25,6.57,2729.66,355.83,248.46,104.94,2.43,81.86,4246.35,658.42,0,1.36,31.06,485.57,,0,,0,957.37,1812.78,9.557,-1.631504966
Iminus,TK3,R5,68.55468,149.57599,25,Bshrub,Organic,0.33,6.5,5.61,0.25,11.9,2490.86,324.06,229.93,92.21,1.92,43.05,1362.22,298.09,111.57,,46.65,595.39,,0,0,0,419.32,1194.73,12.607,-0.069729913
Iminus,TK3,R6,68.55472,149.57607,25,Bshrub,Organic,0.33,9,4.8,0.14,9.7,5202.78,474.19,446.06,8.49,19.64,154.43,4903.01,737.72,18.49,,12.02,398.74,,0,21.89040011,0,161.03,1014.85,31.003,1.893050677
NE14,TK2,R2,68.6794,149.62553,44,Bshrub,Organic,1,5.5,7.14,0.13,4.84,4494.62,252.45,206.16,46.78,0,112.5,10957.8,1004.73,197.86,8.12,91.8,2491.96,1.66,29,0,0,0,252.85,7.026,2.195675699
NE14,TK2,R3,68.67947,149.62576,44,Bshrub,Organic,1,4.75,7.64,0.23,6.5,8249.68,1300.02,718.98,581,0.04,391.68,10110.38,1002.95,133.51,,132.51,2513.02,1.89,26,283.4875369,42.68,0,0,23.35,-0.796664249
NE14,TK2,R4,68.67945,149.62596,44,Bshrub,Organic,1,5.75,8.13,0.09,16.66,6145.37,739.45,518.62,220.88,0,169.54,12056.01,1381.6,364.3,,104.49,2524.59,0.02,0,0,0,1155.87,1205.25,6.48,0.60519996
NE14,TK2,R5,68.67948,149.62611,44,Bshrub,Organic,1,4.5,7.97,0.17,12.95,6596.01,763.99,438.19,326.26,0,221.67,12970.76,1543.73,223.18,10.48,155.28,3467.4,0.99,0,0,,1599.18,1455.73,,0
NE14,TK2,R6,68.67947,149.62634,44,Bshrub,Organic,1,5.25,6.92,0.09,8.32,5848.58,453.71,328.58,125.48,0,120.57,12569.84,1487.31,318.63,6.22,76.83,2412.65,0.13,1,0,,214.87,762.37,,0
NE14,TK3,R1,68.67852,149.6283,50,Bshrub,Organic,1,9.75,7.66,0.14,24.94,8891.34,1483.71,749.47,732.02,2.22,563.48,10528.76,1511.99,114.95,10.84,172.08,3380.06,,0,0,0,2515.9,3434.69,23.43,-0.684107718
NE14,TK3,R2,68.67852,149.62846,50,Bshrub,Organic,1,6,6.15,0.09,9.42,4971.93,491.23,315.68,176.14,0,181.52,7130.5,694.98,47.97,6.52,66.33,2022.48,,0,6.386872231,0,402.6,330.29,1.32,1.9911375
NE14,TK3,R3,68.67848,149.6286,50,Bshrub,Organic,1,8.25,7,0.09,9.27,5633.82,531.55,296.18,235.48,0,211.13,14702.77,1926.44,137.05,7.76,103.55,2409.88,,0,0,0,110.08,1028.46,15.63,2.870572763
NE14,TK3,R4,68.67845,149.62885,50,Bshrub,Organic,1,5.5,7.87,0.11,13.13,6202.49,1199.27,515.25,684.25,0,597.04,14609.33,2334.49,217.9,,143.67,3015.97,0.33,0,344.675303,167.493,0,2383.71,0.485,-1.317850593
NE14,TK3,R5,68.67845,149.62907,50,Bshrub,Organic,1,7,6.74,0.05,10.89,6589.46,528.22,341.47,186.15,0.6,154.81,10469.66,1133.27,290.81,,34.66,1376.94,1.62,0,33.96821007,0,723.66,563.44,3.76,2.852266334
Itkillik,TK3,R2,68.67371,149.84415,54,Bshrub,Organic,0.67,7.5,8.14,0.13,14,6069.81,554.7,428.58,121.56,4.55,195.95,8856.66,0,206.67,4.04,67.58,1686.61,1.7,0,0,,538.77,689.55,,0
Itkillik,TK3,R3,68.6738,149.84398,54,Bshrub,Organic,0.67,6.75,,0.06,10.83,4429.44,469.26,346.93,121.8,0.54,125.72,5816.53,0,158.45,1.61,34.11,1140.36,0.32,0,0,0,272.49,284.95,1.04,-0.055603077
Itkillik,TK3,R4,68.6739,149.84392,54,Bshrub,Organic,0.67,7,7.73,0.14,22.11,8765.95,1175.08,808.21,373.71,0,249.31,9558.32,0,372.02,5.77,99.69,2118.59,1.2,3,,0,1008.28,794.12,-4.127,
Itkillik,TK3,R5,68.67393,149.84375,54,Bshrub,Organic,0.67,8.5,7.41,0.26,9.89,3498.27,336.66,283.39,43.58,9.69,84.86,6601.04,108.94,129.89,,127.14,1716.1,0.23,0,,0,5.88,140.49,6.433,
Itkillik,TK3,R6,68.674,149.8436,54,Bshrub,Organic,0.67,7,7.97,0.07,22.85,7073.28,988.89,617.29,393.73,0,200.84,8549.17,138.39,324.94,,46.63,1282.44,0.56,0,0,,810.14,980.93,,0
NE14,TK4,R1,68.67715,149.6221,150,Cold,Organic,1,6.5,6.57,0.24,28.67,8995.07,1520.41,1066.12,454.78,0,215.94,15503.81,2088.06,576.78,,276.94,5672.07,4.82,11,,,1927.01,1046.07,,
NE14,TK4,R2,68.67728,149.62206,150,Cold,Organic,1,5.5,7.63,0.16,18.86,6037.94,628.75,499.22,131.88,0,248.67,17175.42,1910.95,637.24,10.81,204.56,4248.65,6.52,0,,,0,816,1.04,
NE14,TK4,R3,68.67738,149.62204,150,Cold,Organic,1,10,7.48,0.21,89.09,16536.23,1303.78,1154.91,158.4,0,322.2,32848.73,2983.9,1291.5,12.87,257.97,5554.25,1.59,0,,,9.55,1.95,-4.13,
NE14,TK4,R4,68.67747,149.62221,150,Cold,Organic,1,10,5.86,0.15,39.91,9760.28,681,690.24,0,0,194.83,21258.99,1469.74,317.19,9.94,226.33,4660.92,6.73,0,,,32.99,0,6.43,
NE14,TK4,R5,68.67751,149.6223,150,Cold,Organic,1,9.25,6.12,0.18,36.22,17925.75,1065.19,1046.71,24.92,0,234.62,29294.51,2192.44,518.07,,256.22,4862.94,3.16,0,,,0.51,0.45,,
Iminus,TK4,R1,68.55502,149.5761,150,Cold,Organic,1,9,7.21,0.07,15.58,4168.34,434.18,321.81,104.76,7.6,144.38,9484.98,1132.89,174.92,2.77,48.85,1388.11,,0,,0,0,930.24,8.365,0.527402373
Iminus,TK4,R2,68.55511,149.5761,150,Cold,Organic,1,10.5,7.43,0.06,31.62,7496.13,913.88,658.07,255.29,0.51,150.84,17584.18,2194.35,282.22,2.96,50.74,1567.89,,0,,0.13,2765.68,1978.56,7.755,
Iminus,TK4,R3,68.55519,149.57613,150,Cold,Organic,1,5,5.45,0.19,14.37,5223.48,515.53,457.69,59.36,0,206.35,19784.86,2281.87,170.15,12.16,168.7,3177.28,,0,,31.707,631.93,169.91,9.573,-0.56491293
Iminus,TK4,R4,68.55527,149.57614,150,Cold,Organic,1,7,5.72,0.09,9.71,3772.53,419.48,304.1,109.28,6.09,193.39,10258.84,1403.06,117.73,,69.18,1945.96,,0,,,477.95,876.38,,0
Iminus,TK4,R5,68.55539,149.57617,150,Cold,Organic,1,6,6.07,0.08,14.35,2622.89,244.08,198.62,43.94,1.52,101.39,9731.06,952.19,226.63,,65.04,1963.93,,0,,,170.93,248.42,,0
NE14,TK0,R2,68.67948,149.62132,,Dundisturbed,Organic,1,3.5,5.35,0.09,7.64,2998.18,196.3,194.71,1.9,0,65.59,7791.62,857,164.3,8.42,187.17,4154.34,1.23,0,5.877956311,,0,0,,0
NE14,TK0,R3,68.67947,149.6214,,Dundisturbed,Organic,1,6.85,5.9,0.08,20.16,6709.31,510.17,485.88,26.36,0,214.45,16156.13,1725.63,281.76,7.53,163.93,3973.68,,0,0,0,0,0,2.9,-0.753417898
NE14,TK0,R4,68.67953,149.62143,,Dundisturbed,Organic,1,4.75,5.12,0.07,8.86,2996.3,180.25,182.27,0,0,57.19,6518.76,741.53,104.9,8.49,135.71,3768.73,,0,125.5082155,1545.06,0,0,91.74,1.251873797
NE14,TK0,R5,68.6796,149.62164,,Dundisturbed,Organic,1,10,5.54,0.17,35.85,9267.92,722.02,679.42,45.77,0,163.27,18751.8,1276.84,0,,360.45,8014.38,,0,0,0,0,0,7.36,0.843433749
NE14,TK0,R6,68.67963,149.62178,,Dundisturbed,Organic,1,5,7.19,0.08,17.72,6853.26,601.64,493.7,108.39,0,115.79,12359.83,1404.05,512.32,,114.47,4168.7,2.33,0,0,0,399.19,591.86,0.07,0.427333697
Itkillik,TK0.2,R1,68.66605,149.81596,,Dundisturbed,Organic,1,8.5,7.13,0.2,42.09,11453.81,1088.79,787.78,263.23,37.78,187.04,16232.93,1315.63,813.22,,445.82,7218.77,0.98,0,,,1801.43,507.84,0.58,
Itkillik,TK0.2,R2,68.66606,149.81622,,Dundisturbed,Organic,1,10,7.48,0.11,28.81,12145.44,1138.08,796.72,332.85,8.51,313.44,32270.81,2400.37,811.91,,255.33,4937.46,5.22,8,,0,1719.5,918.73,1.31,-2.555219463
Itkillik,TK0.2,R3,68.66606,149.81644,,Dundisturbed,Organic,1,10,7.34,0.13,34.57,14027.04,1689.65,1062.53,629.9,0,349.89,48430.47,2844.33,988.89,13.02,312.58,6177.12,10.47,6,,26.79,87.26,0,-3.86,-3.475315613
Itkillik,TK0.2,R4,68.66607,149.81668,,Dundisturbed,Organic,1,6.5,7.55,0.22,35.48,14340.83,1310.27,1053.42,242.74,14.12,398.63,47594.58,2508.34,1034.63,21.06,457.82,9485.81,9.22,3,,0,127.57,287.43,1.11,-3.94689338
Itkillik,TK0.2,R5,68.66608,149.81708,,Dundisturbed,Organic,1,7.25,7.38,0.2,36.85,15716.75,1745,1298.18,439.48,7.34,537.51,59706.27,2469.72,1072.66,22.35,487.13,9706.59,2.22,0,,0,464.47,383.76,5.83,-5.143280233
Itkillik,TK0.3,R2,68.67165,149.84486,,Dundisturbed,Organic,1,7.5,6.38,0.14,29.72,7080.43,796.53,618.37,157.76,20.4,134.55,19450.34,1183.54,723.9,16.3,291.12,6388.32,8.35,23,,0,2053.18,1771.78,16.328,
Itkillik,TK0.3,R3,68.67171,149.84505,,Dundisturbed,Organic,1,6.25,6.22,0.32,26.79,7425.38,713.48,629.07,68.67,15.75,149.98,22941.13,833.94,448.8,28.29,413.81,8370.78,2.89,45,0,0,1157.61,1248.87,1.869,-0.700381916
Itkillik,TK0.3,R4,68.6718,149.84528,,Dundisturbed,Organic,1,8,6.96,0.17,37.85,16841.32,1282.36,1055.18,212.49,14.68,436.74,45509.66,1889.08,417.51,16.42,305.04,6607.84,7.27,31,82.79605141,0,270.87,808.11,2.333,-1.418127153
Itkillik,TK0.3,R5,68.67184,149.84547,,Dundisturbed,Organic,1,4,6.03,0.16,23.55,29662.16,2449.01,2236.75,205.67,6.58,180.6,0,0,335.99,,350.68,6502.42,4.31,6,14.88758416,,1644.04,1186.6,,0
Itkillik,TK0.3,R6,68.67194,149.84567,,Dundisturbed,Organic,1,4.5,6.96,0.11,24.73,7017.59,749.41,561.3,168.34,19.77,186.05,17156.76,0,366.25,,233.67,4897.61,1.68,2,0,0,857.53,433.61,0.357,-0.626922108
Iminus,TK0,R1,68.55293,149.57563,,Dundisturbed,Organic,1,8,4.8,0.16,24.19,5289.29,567.53,484.88,49.38,33.27,371.19,15472.84,1644.49,102.03,19.56,310.04,6430.49,,0,281.0152734,,0,0,,0
Iminus,TK0,R2,68.55298,149.57576,,Dundisturbed,Organic,1,9,4.92,0.12,32.79,8958.51,1111.76,832.98,239.17,39.61,523.21,17371.73,2020.39,11.36,12.47,235.49,5201.59,,0,360.2182236,,1109.2,438.12,,
Iminus,TK0,R4,68.55308,149.57607,,Dundisturbed,Organic,1,9.5,5.16,0.26,38.81,8971.71,1440.51,933.68,468.27,38.56,201.71,14184.68,2034.88,168.2,26.37,466.05,9054.5,,0,157.6581954,,1022.7,589.61,,0
Iminus,TK0,R5,68.55322,149.5765,,Dundisturbed,Organic,1,9,5.08,0.23,50.86,8992.66,1178.7,977.68,133.99,67.02,367.42,14055.78,1734.49,0,,465.52,8482.3,,0,,,953.1,70.87,,0
Iminus,TK0,R6,68.5533,149.5767,,Dundisturbed,Organic,1,10,4.91,0.12,42.56,7440.73,1270.64,828.11,325.08,117.46,707.59,12813.76,1682.51,177.28,,253.23,4715.67,,0,197.1250624,,1021.1,1035.79,,0
NE14,TK1,R2,68.67878,149.62306,5,Arecent,Mineral,1,10,8.59,1.11,7.74,1924.28,161.94,141,8.32,12.62,92.85,0,0,26.79,,51.41,2142.35,,,79.82630528,0,12.97,2.62,-0.203,1.178834528
NE14,TK1,R3,68.67873,149.62302,5,Arecent,Mineral,1,10,8.51,0.91,9.71,2028.48,89.83,84.27,0,7.21,100.71,1457.44,0,0,,40.88,1410.09,,,874.8444996,0,0,0,1.7,5.402907238
NE14,TK1,R4,68.67872,149.6227,5,Arecent,Mineral,1,10,8.52,1.07,13.69,2027.01,186.97,167.87,8.98,10.12,116.26,4351.04,0,0,73.53,89.33,2105.01,,,0,,0,0,,0
NE14,TK1,R5,68.67868,149.62248,5,Arecent,Mineral,1,10,8.2,1.32,18.59,1402.8,156.95,141.17,8.02,7.76,97.48,0,0,0,79.06,85.74,2442.01,,,82.39399569,113.15,0,0,0.29,0.457681839
NE14,TK1,R6,68.6786,149.62228,5,Arecent,Mineral,1,10,8.37,1.33,29.43,1815.15,206.71,177.62,21.53,7.57,83.11,0,0,0,84.81,78.14,2527.84,,,0,0,6.86,0,1.22,-0.005657727
Itkillik,TK2,R2,68.66683,149.81808,8,Arecent,Mineral,1,10,7.98,1.18,16.12,1626.37,170.17,167.46,0,5.6,90.98,7077.74,296.43,46.32,,77.35,2012.31,,,0,0,0,85.87,1.444,2.453089613
Itkillik,TK2,R3,68.66693,149.81816,8,Arecent,Mineral,1,10,5.33,1.3,23.77,1550.81,58.17,58.58,0,1.13,90.66,5397.61,361.2,0,,86.96,1927.09,,,0,0,65.15,67.7,-0.493,-0.762639157
Itkillik,TK2,R4,68.667,149.81825,8,Arecent,Mineral,1,10,8.81,1.27,19.77,2090.86,166.43,151.24,9.77,5.42,149.15,3697.12,199.3,0,67.14,82.11,2023.48,,,0,0,61.32,35.31,0.287,-0.117610026
Itkillik,TK2,R5,68.6671,149.81829,8,Arecent,Mineral,1,10,8.31,1.37,23.68,3883.97,277.33,252.25,20.76,4.33,164.58,7851.6,421.88,0,95.71,77.57,2322.76,,,0,0,0,11.38,-0.875,-0.793955496
Itkillik,TK2,R6,68.66717,149.81834,8,Arecent,Mineral,1,10,8.64,1.36,23.03,918.76,317.09,297.41,12.44,7.24,100.73,12907.45,361.93,95.14,66.78,96.2,2042.36,,,0,0,188.71,232.2,-0.388,0.620144142
Iminus,TK1,R1,68.55333,149.57365,8,Arecent,Mineral,1,10,5.84,0.57,16.48,3829.2,521.75,381.08,120.98,19.69,117.72,7003.24,535.77,9.64,,117.49,1999.88,,,,,0,27.55,2.1,1.529172581
Iminus,TK1,R2,68.55341,149.57391,8,Arecent,Mineral,1,10,5.22,0.33,32.77,7186.19,1017.3,818.93,157.57,40.8,251.52,11253.18,1217.22,115.51,,268.12,4475.91,,,10.82327145,573,112.98,87.4,29.07,
Iminus,TK1,R3,68.5535,149.57407,8,Arecent,Mineral,1,10,7.06,1.24,38.89,4753.88,649.94,428.43,179.43,42.07,163.24,554.94,447.88,18.61,87.05,168.42,2323.51,,,0,0,0,163.65,1.1,10.45053055
Iminus,TK1,R4,68.55358,149.57422,8,Arecent,Mineral,1,10,7.55,1.21,15.61,3074.42,327.78,285.07,22.03,20.67,134.36,5054.49,432.83,6.64,64.3,222.4,3303.86,,,0,128.3,85.58,77.17,5.01,0.677975793
Iminus,TK1,R6,68.55358,149.57446,8,Arecent,Mineral,1,10,6.95,1.27,15.02,2397.67,308.67,289.06,13.37,6.24,103.58,6339.11,686.95,51.83,63.41,117.08,1916.16,,,0,0,153.22,84.48,-0.24,0.36151657
Iminus,TK2,R2,68.55373,149.57495,16,Bshrub,Mineral,1,10,8.44,1.07,29.15,3057.97,430.02,243.49,165.68,20.86,155.84,16417.63,1428.13,161.77,,176.76,2596.12,,,0,0,38.84,80.24,0.02,1.117999378
Iminus,TK2,R3,68.55382,149.57504,16,Bshrub,Mineral,1,10,7.3,0.98,20.31,2053.62,313.49,199.28,94.53,19.68,101.94,10033.85,837.03,59.78,56.56,73.02,1216.61,,,0,0,0,108.72,0.4,
Iminus,TK2,R4,68.55383,149.57526,16,Bshrub,Mineral,1,10,7.31,1.14,27.23,3137.1,303.13,245.23,52.66,5.24,168.58,18918.89,2223.9,17.36,59.06,151.2,2780.86,,,,0,67.43,76.94,13.54,0.323326232
Iminus,TK2,R5,68.55393,149.57536,16,Bshrub,Mineral,1,10,6.89,1.02,23.32,6045.59,799.41,603.39,195.15,0.87,296.55,29982.25,3178.39,297.37,60.31,237.28,3643.19,,,4.788398001,0,222.26,169.67,3.27,-1.109610403
Iminus,TK2,R6,68.554,149.57555,16,Bshrub,Mineral,1,10,6.46,0.78,31.9,6400.25,908.85,686.35,219.57,2.93,291.48,10685.66,1170.32,13.07,,203.79,3671.16,,,15.82809939,0,68.14,62.9,1.37,-0.50872062
Iminus,TK3,R2,68.55452,149.57574,25,Bshrub,Mineral,1,10,6.34,0.58,31.21,9276.86,1556.65,968.75,571.91,16,225.35,16614.38,1385.75,77.92,25.49,298.21,3956.44,,,0,196.704,75.04,187.69,3.528,2.044651238
Iminus,TK3,R3,68.55458,149.57576,25,Bshrub,Mineral,1,10,5.58,0.84,45.74,5252.9,779.01,552.87,190.57,35.58,316.86,10705.05,1335.79,0,,436.93,5832.03,,,0,0,136.83,227.08,0.811,
Iminus,TK3,R4,68.5546,149.57588,25,Bshrub,Mineral,1,10,6.65,0.79,28.33,4886.38,561.6,372.96,181.08,7.55,181.54,13921.61,1253.87,78.42,38.58,241.23,3399.8,,,,0,252.43,191.14,1.605,3.623679658
Iminus,TK3,R5,68.55468,149.57599,25,Bshrub,Mineral,1,10,7.02,0.89,18.83,4054.26,500.25,317.97,124.35,57.93,89.35,2944.02,382.3,54.89,,64.22,847.55,,,0,,45.9,67.52,1.946,2.558926527
Iminus,TK3,R6,68.55472,149.57607,25,Bshrub,Mineral,1,10,6.55,0.77,29.12,7413.02,1096.43,597.5,417.08,81.85,307.66,22138.5,2355.28,322.4,46.79,284.43,4362.48,,,0,0,193.73,235.8,0.73,0.941228755
NE14,TK2,R2,68.6794,149.62553,44,Bshrub,Mineral,1,10,8.38,1.26,21.03,3173.21,172.33,135.78,24.91,11.63,50.01,0,0,0,75.64,71.48,1989.65,,,0,0,77.88,62.33,-0.08,2.092225957
NE14,TK2,R3,68.67947,149.62576,44,Bshrub,Mineral,1,10,8.27,1.47,15.64,4704.13,478.89,314.52,155.02,9.35,298.81,4645.24,460.51,24.42,,106.73,2282.71,,,128.5800014,0,55.93,19.84,0.59,-2.003311819
NE14,TK2,R4,68.67945,149.62596,44,Bshrub,Mineral,1,10,7.7,1.22,25.95,1970.09,146.09,108.83,31.11,6.15,117.2,0,113.55,17.63,,154.7,2736.92,,,0,0,88.93,48.03,1.967,2.11179918
NE14,TK2,R5,68.67948,149.62611,44,Bshrub,Mineral,1,10,8.3,1.37,30.41,2297.19,227.39,166.19,54.98,6.23,143.44,4778.95,336.86,0,85.64,221.96,3783.57,,,0,0,72.95,30.23,2.78,8.632082852
NE14,TK2,R6,68.67947,149.62634,44,Bshrub,Mineral,1,10,8.27,1.09,30.66,7124.06,485.9,375.81,101.42,8.67,220.02,7854.07,343.24,0,71.72,230.4,3772.31,,,0,0,46.6,54.81,0.4,0.157752983
NE14,TK3,R1,68.67852,149.6283,50,Bshrub,Mineral,1,10,7.43,1.05,26.28,4901.42,525.56,409.44,114.71,1.41,121.14,0,0,24.81,35.77,127.44,2201.35,,,0,0,0,87.58,2.45,1.667647976
NE14,TK3,R2,68.67852,149.62846,50,Bshrub,Mineral,1,10,7.74,1.44,26.33,7754.71,517.95,425.56,87.58,4.8,139.46,0,0,11.02,93.58,158.78,3172.12,,,0,0,88,29.6,2.23,2.824376088
NE14,TK3,R3,68.67848,149.6286,50,Bshrub,Mineral,1,10,6.76,1.03,33.74,6892.63,635.4,473.37,160.01,2.02,202.23,12278.35,255.37,2.52,61.6,312.33,4753.33,,,0,0,107.79,95.97,2.277,-0.261717399
NE14,TK3,R4,68.67845,149.62885,50,Bshrub,Mineral,1,10,7.49,0.91,31.77,2919.09,317.74,190.59,121.67,5.48,112.93,10335.67,304.61,0,,142.81,4079.24,,,0,0,0,6.04,1.65,1.244725116
NE14,TK3,R5,68.67845,149.62907,50,Bshrub,Mineral,1,10,7.45,0.94,27.97,2282.08,177.02,136.61,38.99,1.42,99.47,4752.95,122.94,0,,170.91,1177.66,,,0,0,24.01,21.97,2.47,3.21319044
Itkillik,TK3,R2,68.67371,149.84415,54,Bshrub,Mineral,1,10,8.15,0.8,53.88,6587.63,480.49,329.29,106.95,44.24,296.93,19404.4,1666.82,462.8,42.17,168.27,3478.81,,,0,,196.93,129.42,,0
Itkillik,TK3,R3,68.6738,149.84398,54,Bshrub,Mineral,1,10,8.17,1.38,23.87,5245.35,297.63,256.43,39.88,1.32,154.41,8140.34,566.71,139.62,66.46,102.13,2384.72,,,0,0,21.44,50.21,-0.57,-0.322549026
Itkillik,TK3,R4,68.6739,149.84392,54,Bshrub,Mineral,1,10,7.62,1.28,30.69,3433.19,293.76,174.15,103.02,16.6,229.21,3427.79,572,61.42,65.1,227.95,3458.95,,,0,0,28.89,65.65,-2.032,0.643555274
Itkillik,TK3,R5,68.67393,149.84375,54,Bshrub,Mineral,1,10,8.56,1.53,27.31,3767.38,303.78,223.3,78.31,2.17,198.16,681.45,527.96,3.01,,118.92,2776.79,,,,0,87.33,75.95,-1.024,
Itkillik,TK3,R6,68.674,149.8436,54,Bshrub,Mineral,1,10,8.31,1.4,24.86,4415.4,299.62,216.71,80.92,1.99,204.44,4682.13,751.75,0,,107.48,2735.67,,,0,,0,38.78,,0
NE14,TK4,R1,68.67715,149.6221,150,Cold,Mineral,1,10,7.18,1.07,15.53,1246.85,106.25,85.64,19.44,1.17,93.06,0,235.8,32.62,,51.51,806.26,,,,0,37.04,34.91,4.84,
NE14,TK4,R2,68.67728,149.62206,150,Cold,Mineral,1,10,7.58,1.15,23.66,1667.83,135.63,85.22,41.3,9.11,99.17,0,69.38,17.73,57.56,127.06,1871.83,,,,0,0,24.82,2.11,
NE14,TK4,R3,68.67738,149.62204,150,Cold,Mineral,1,10,7.48,1.33,23.6,1583.76,90,71.76,14.9,3.34,84.58,4226.09,0,0,77.07,82.22,1227.69,,,,0,0,0.94,-0.27,
NE14,TK4,R4,68.67747,149.62221,150,Cold,Mineral,1,10,7.51,1.49,27.38,1929.57,101.8,77.54,10.93,13.33,106.5,6538.81,61.22,0,69.87,110.41,1365.39,,,,0,153.79,142.81,0.59,
NE14,TK4,R5,68.67751,149.6223,150,Cold,Mineral,1,10,7.27,0.24,58.14,11373.38,628.63,586.48,29.55,12.59,55.19,14226.57,376.33,115.37,,447.77,6887.88,,,,0,62.14,79.54,1.9,
Iminus,TK4,R1,68.55502,149.5761,150,Cold,Mineral,1,10,6.83,1.26,37.61,3557.5,393.59,304.1,76.98,12.51,144.66,23801.25,2343.42,55.12,65.4,247.61,4699.93,,,,0,76.83,127.99,1.985,-0.914561638
Iminus,TK4,R2,68.55511,149.5761,150,Cold,Mineral,1,10,6.79,0.44,45.29,5075.88,553.31,429.81,111.67,11.82,125.61,14012.43,1387.83,58.1,29.59,227.36,4349.3,,,,0,72.42,78.34,7.396,
Iminus,TK4,R3,68.55519,149.57613,150,Cold,Mineral,1,10,6.95,0.39,53.35,14054.57,2045.32,1493.26,543.78,8.28,305.64,21295.02,2084.73,141.92,36.87,385.58,6319.13,,,,44.213,0,0,20.102,2.642391033
Iminus,TK4,R4,68.55527,149.57614,150,Cold,Mineral,1,10,6.33,1.28,,22783.64,3465.43,3089.52,371.87,4.04,791.58,32028.68,3575.01,373.33,,1542.92,25132.26,,,,0,0,20.91,17.816,-4.83391761
Iminus,TK4,R5,68.55539,149.57617,150,Cold,Mineral,1,10,7.1,1.3,37.63,1420.33,66.45,49.68,11.95,4.81,86.09,7094.93,383.14,0,,133.08,1922.84,,,,0,50.48,61.71,0.141,5.715430102
NE14,TK0,R2,68.67948,149.62132,,Dundisturbed,Mineral,1,10,5.65,0.38,74.31,21201.58,1446.51,1379.75,55.94,10.81,109.63,7823.99,136.61,96.59,,675.34,9329.04,,,,0,48.42,99.29,1.22,
NE14,TK0,R3,68.67947,149.6214,,Dundisturbed,Mineral,1,10,7.64,1.11,48.99,4020.13,256.75,231.81,11.59,13.35,145.69,0,56.02,85.98,64.23,85.13,1751.17,,,,0,19.88,78.62,1.51,
NE14,TK0,R4,68.67953,149.62143,,Dundisturbed,Mineral,1,10,5.79,0.85,53.68,9129.85,919.54,849.14,57.3,13.1,58,5613.91,0,35.44,57.26,568.12,7916.52,,,,0,54.06,51.87,-0.03,
NE14,TK0,R5,68.6796,149.62164,,Dundisturbed,Mineral,1,10,6.33,0.76,48.91,8832.14,723.05,610.08,76.22,36.74,82.63,8004.34,338.84,80.33,56.7,406.62,6089.47,,,,0,193.62,175.92,2.1,
NE14,TK0,R6,68.67963,149.62178,,Dundisturbed,Mineral,1,10,7.75,1.45,21.61,1749.78,162.94,131.7,17.77,13.47,26.47,0,0,61.03,,84.21,1125.81,,,,0,104.29,146.8,-0.73,
Itkillik,TK0.2,R1,68.66605,149.81596,,Dundisturbed,Mineral,1,10,7.21,0.55,54.97,8634.78,677.73,623.44,34.66,19.63,207.16,10439.36,774.11,228.34,,601.71,8241.49,,,,,51.72,81.79,-0.096,
Itkillik,TK0.2,R2,68.66606,149.81622,,Dundisturbed,Mineral,1,10,6.67,0.25,71.14,14305.04,1135.19,1026.05,87.15,21.99,204.95,15850.67,996.75,514.96,,533.54,7070.59,,,,0,11.16,11.69,0.45,-1.553814082
Itkillik,TK0.2,R3,68.66606,149.81644,,Dundisturbed,Mineral,1,10,6.94,1,55.16,5701.04,546.09,482.98,60.33,2.78,200.68,15455.47,942.62,118.23,36.83,643.32,7912.39,,,,0,3.26,31.62,-0.105,0.25718734
Itkillik,TK0.2,R4,68.66607,149.81668,,Dundisturbed,Mineral,1,10,7.2,0.93,26.75,17880.66,1265.19,1209.59,55.11,0.5,237.68,3466.87,141.58,339.29,35.31,241.54,2762.56,,,,0,0,8.96,1.189,2.171513347
Itkillik,TK0.2,R5,68.66608,149.81708,,Dundisturbed,Mineral,1,10,7.67,0.79,50,7693.58,564.9,514.65,38.92,11.32,216.69,11793.87,984.73,301.14,53.91,651.81,7954.29,,,,0,35.68,45.86,1.176,-1.559648961
Itkillik,TK0.3,R2,68.67165,149.84486,,Dundisturbed,Mineral,1,10,7.2,0.88,23.98,2496.61,255.36,194.04,57.59,3.74,101.05,8989.31,595.67,150.29,34.46,158.64,2436.23,,,,0,113.6,92.67,1.026,
Itkillik,TK0.3,R3,68.67171,149.84505,,Dundisturbed,Mineral,1,10,6.39,0.94,15.45,1592.46,152.66,145.6,6.93,0.12,204.81,12611.3,642.12,104.72,27.12,81.56,1041.78,,,0,0,73.97,72.24,4.1,-0.914978025
Itkillik,TK0.3,R4,68.6718,149.84528,,Dundisturbed,Mineral,1,10,7.93,1.1,22.26,3995.06,273.16,246.39,25.46,1.31,147.78,5491.3,406.55,74.1,27.6,160.59,2131.98,,,0,0,38.16,38.68,0.36,0.582472085
Itkillik,TK0.3,R5,68.67184,149.84547,,Dundisturbed,Mineral,1,10,6.88,1.13,30.71,5025.4,414.72,388.4,25.71,0.61,202.56,11547.6,1038.17,91.96,,317.47,3941.23,,,29.92976198,,36.18,20.21,0.26,0.823380698
Itkillik,TK0.3,R6,68.67194,149.84567,,Dundisturbed,Mineral,1,10,6.92,0.91,40.35,6940.8,662.5,543.13,90.36,29.01,269.98,19590.58,974.34,305.11,,271.67,3705.8,,,0,0,108.46,62.51,1.34,-1.011139749
Iminus,TK0,R1,68.55293,149.57563,,Dundisturbed,Mineral,1,10,4.52,0.48,56.34,9805.17,1996.87,1903.37,69.1,24.41,221.12,15443.31,1001.48,4.17,26.63,484.42,7318.47,,,,205.51,347.71,426.87,8.63,2.049443675
Iminus,TK0,R2,68.55298,149.57576,,Dundisturbed,Mineral,1,10,4.68,0.59,59.67,18212.08,3581.8,3472.1,88.24,21.46,222.45,0,0,0,27.09,481.45,9039.24,,,,305.26,1381.67,636.89,18.47,
Iminus,TK0,R4,68.55308,149.57607,,Dundisturbed,Mineral,1,10,4.53,0.86,36.24,10024.95,1271.68,1184.43,86.4,0.86,101.58,0,0,0,19.73,326.88,7032.48,,,,238.9,0.09,41.84,21.83,0
Iminus,TK0,R5,68.55322,149.5765,,Dundisturbed,Mineral,1,10,4.54,0.29,61.57,8980.13,1477.92,1259.81,206.41,11.7,72.21,6362.37,633.39,48.21,,485.46,7548.51,,,,,125.47,103.23,8.98,0.228207827
Iminus,TK0,R6,68.5533,149.5767,,Dundisturbed,Mineral,1,10,4.95,0.74,48.48,5463.38,1753.53,1374.19,376.29,3.05,174.09,12426.76,772.72,0,,443.76,10105.8,,,,,0,21.16,,-0.632275815
